{
    "MAE": 4.357142857142857,
    "RMSE": 7.908275180248258,
    "MedAE": 2.0,
    "MAPE": 44.15513414985343,
    "Underestimation": 44.89795918367347,
    "Overestimation": 45.91836734693878,
    "ExactMatch": 9.183673469387756,
    "Within1Step": 31.63265306122449,
    "Within2Steps": 52.04081632653062,
    "LargeErrors": 40.816326530612244
}