{
    "MAE": 4.142857142857143,
    "RMSE": 6.605501726683938,
    "MedAE": 3.0,
    "MAPE": 48.366353873153734,
    "Underestimation": 46.93877551020408,
    "Overestimation": 43.87755102040816,
    "ExactMatch": 9.183673469387756,
    "Within1Step": 25.510204081632654,
    "Within2Steps": 47.95918367346938,
    "LargeErrors": 40.816326530612244
}