{
    "MAE": 4.204081632653061,
    "RMSE": 6.388765649999399,
    "MedAE": 3.0,
    "MAPE": 57.18227534800352,
    "Underestimation": 32.6530612244898,
    "Overestimation": 55.10204081632652,
    "ExactMatch": 12.244897959183673,
    "Within1Step": 26.53061224489796,
    "Within2Steps": 43.87755102040816,
    "LargeErrors": 44.89795918367347
}