{
    "MAE": 4.183673469387755,
    "RMSE": 5.955618167335952,
    "MedAE": 3.0,
    "MAPE": 49.38729930303262,
    "Underestimation": 42.857142857142854,
    "Overestimation": 48.97959183673469,
    "ExactMatch": 8.16326530612245,
    "Within1Step": 26.53061224489796,
    "Within2Steps": 38.775510204081634,
    "LargeErrors": 46.93877551020408
}