{
    "MAE": 4.1938775510204085,
    "RMSE": 6.250714244902623,
    "MedAE": 3.0,
    "MAPE": 54.86542320573309,
    "Underestimation": 41.83673469387755,
    "Overestimation": 48.97959183673469,
    "ExactMatch": 9.183673469387756,
    "Within1Step": 29.591836734693878,
    "Within2Steps": 39.795918367346935,
    "LargeErrors": 45.91836734693878
}