{
    "model": "kmeans",
    "MAE": 8.6,
    "MSE": 128.66153846153847,
    "RMSE": 11.3429069669789,
    "R2_score": -1.35847296582005,
    "Relative Error": 0.7483133847297935
}