{
    "MAE": 5.418367346938775,
    "RMSE": 8.802249248728117,
    "MedAE": 3.0,
    "MAPE": 62.29507565635198,
    "Underestimation": 39.795918367346935,
    "Overestimation": 54.08163265306123,
    "ExactMatch": 6.122448979591836,
    "Within1Step": 28.57142857142857,
    "Within2Steps": 43.87755102040816,
    "LargeErrors": 42.857142857142854
}