{
    "MAE": 4.153061224489796,
    "RMSE": 6.060073415060115,
    "MedAE": 3.0,
    "MAPE": 53.43618557055637,
    "Underestimation": 41.83673469387755,
    "Overestimation": 53.06122448979592,
    "ExactMatch": 5.1020408163265305,
    "Within1Step": 27.55102040816326,
    "Within2Steps": 41.83673469387755,
    "LargeErrors": 43.87755102040816
}