{
    "MAE": 4.3061224489795915,
    "RMSE": 6.788345354580984,
    "MedAE": 3.0,
    "MAPE": 53.10820396148564,
    "Underestimation": 44.89795918367347,
    "Overestimation": 44.89795918367347,
    "ExactMatch": 10.204081632653061,
    "Within1Step": 28.57142857142857,
    "Within2Steps": 45.91836734693878,
    "LargeErrors": 41.83673469387755
}