{
    "MAE": 4.346938775510204,
    "RMSE": 6.663945022680343,
    "MedAE": 3.0,
    "MAPE": 56.17818093936718,
    "Underestimation": 36.734693877551024,
    "Overestimation": 52.04081632653062,
    "ExactMatch": 11.224489795918368,
    "Within1Step": 28.57142857142857,
    "Within2Steps": 40.816326530612244,
    "LargeErrors": 46.93877551020408
}