{
    "MAE": 4.571428571428571,
    "RMSE": 7.691766071983888,
    "MedAE": 3.0,
    "MAPE": 53.400394568170654,
    "Underestimation": 48.97959183673469,
    "Overestimation": 40.816326530612244,
    "ExactMatch": 10.204081632653061,
    "Within1Step": 31.63265306122449,
    "Within2Steps": 42.857142857142854,
    "LargeErrors": 40.816326530612244
}