{
    "MAE": 4.1020408163265305,
    "RMSE": 6.180945043652553,
    "MedAE": 3.0,
    "MAPE": 49.47546613374342,
    "Underestimation": 37.755102040816325,
    "Overestimation": 55.10204081632652,
    "ExactMatch": 7.142857142857142,
    "Within1Step": 29.591836734693878,
    "Within2Steps": 45.91836734693878,
    "LargeErrors": 40.816326530612244
}