{
    "MAE": 8.806122448979592,
    "RMSE": 12.092753775610873,
    "MedAE": 5.0,
    "MAPE": 143.5123066395452,
    "Underestimation": 17.346938775510203,
    "Overestimation": 77.55102040816327,
    "ExactMatch": 5.1020408163265305,
    "Within1Step": 11.224489795918368,
    "Within2Steps": 21.428571428571427,
    "LargeErrors": 68.36734693877551
}