{
    "MAE": 4.377551020408164,
    "RMSE": 6.446799554026472,
    "MedAE": 3.0,
    "MAPE": 57.18565666469482,
    "Underestimation": 33.6734693877551,
    "Overestimation": 58.16326530612245,
    "ExactMatch": 8.16326530612245,
    "Within1Step": 23.46938775510204,
    "Within2Steps": 40.816326530612244,
    "LargeErrors": 47.95918367346938
}