{
    "MAE": 4.244897959183674,
    "RMSE": 6.702116631851371,
    "MedAE": 3.0,
    "MAPE": 52.175753059081465,
    "Underestimation": 44.89795918367347,
    "Overestimation": 44.89795918367347,
    "ExactMatch": 10.204081632653061,
    "Within1Step": 28.57142857142857,
    "Within2Steps": 44.89795918367347,
    "LargeErrors": 41.83673469387755
}