avg_train_rmse,avg_test_rmse,avg_train_mae,avg_test_mae,avg_train_r2,avg_test_r2,avg_train_mape,avg_test_mape,avg_train_medae,avg_test_medae,avg_underestimation_rate,avg_overestimation_rate,avg_exact_match_rate,avg_within_1_step,avg_within_2_steps,avg_large_errors,model
2.485198155959709,7.1085680769467885,1.8032139539718628,4.950578371683757,0.8267092704772949,-0.5287878513336182,23.119858423868816,65.77134958902995,1.3409233887990315,3.353977839152018,32.79671717171717,67.20328282828282,10.195707070707071,19.444444444444446,36.7739898989899,49.87373737373738,resnet18
9.091041475707636,10.727092364813798,8.197529157002768,8.103087902069092,-1.0600872039794922,-2.0720221201578775,88.05165354410808,92.19344329833984,7.874218146006267,7.0362474123636884,76.38888888888889,23.611111111111114,4.103535353535354,4.103535353535354,8.17550505050505,85.66919191919192,stairnet_depth
