avg_train_rmse,avg_test_rmse,avg_train_mae,avg_test_mae,avg_train_r2,avg_test_r2,avg_train_mape,avg_test_mape,avg_train_medae,avg_test_medae,avg_underestimation_rate,avg_overestimation_rate,avg_exact_match_rate,avg_within_1_step,avg_within_2_steps,avg_large_errors,model
8.88429402653895,7.647242151328511,6.402424335479736,5.912744760513306,-1.0318373441696167,-0.6328372955322266,63.20419883728027,73.36818885803223,5.021902084350586,4.917760610580444,70.40816326530613,29.591836734693878,3.061224489795918,7.142857142857142,16.3265306122449,71.42857142857143,resnet18
