Model,Avg Test RMSE,Avg Test MAE,Avg Test R²,Within 1 Step (%),Total Time (s)
resnet18,7.647242151328511,5.912744760513306,-0.6328372955322266,7.142857142857142,34.21820664405823
